id,file,width,height,bytes,is_demo
properties/modern-house-bsd/01-exterior,images/properties/modern-house-bsd/01-exterior.webp,1536,1024,293470,true
properties/modern-house-bsd/02-living-room,images/properties/modern-house-bsd/02-living-room.webp,1536,1024,261948,true
properties/modern-house-bsd/03-bedroom,images/properties/modern-house-bsd/03-bedroom.webp,1536,1024,170658,true
properties/modern-house-bsd/04-kitchen,images/properties/modern-house-bsd/04-kitchen.webp,1536,1024,176406,true
properties/premium-cluster-bsd/01-exterior,images/properties/premium-cluster-bsd/01-exterior.webp,1536,1024,313846,true
properties/premium-cluster-bsd/02-living-room,images/properties/premium-cluster-bsd/02-living-room.webp,1536,1024,251430,true
properties/premium-cluster-bsd/03-bedroom,images/properties/premium-cluster-bsd/03-bedroom.webp,1536,1024,202832,true
properties/premium-cluster-bsd/04-kitchen,images/properties/premium-cluster-bsd/04-kitchen.webp,1536,1024,150800,true
properties/minimalist-house-bsd/01-exterior,images/properties/minimalist-house-bsd/01-exterior.webp,1536,1024,273816,true
properties/minimalist-house-bsd/02-living-room,images/properties/minimalist-house-bsd/02-living-room.webp,1536,1024,250410,true
properties/minimalist-house-bsd/03-bedroom,images/properties/minimalist-house-bsd/03-bedroom.webp,1536,1024,132746,true
properties/minimalist-house-bsd/04-kitchen,images/properties/minimalist-house-bsd/04-kitchen.webp,1536,1024,145692,true
properties/luxury-residence-bsd/01-exterior,images/properties/luxury-residence-bsd/01-exterior.webp,1536,1024,356722,true
properties/luxury-residence-bsd/02-living-room,images/properties/luxury-residence-bsd/02-living-room.webp,1536,1024,270024,true
properties/luxury-residence-bsd/03-bedroom,images/properties/luxury-residence-bsd/03-bedroom.webp,1536,1024,277920,true
properties/luxury-residence-bsd/04-kitchen,images/properties/luxury-residence-bsd/04-kitchen.webp,1536,1024,195782,true
properties/apartment-alam-sutera/01-living-room,images/properties/apartment-alam-sutera/01-living-room.webp,1536,1024,162066,true
properties/apartment-alam-sutera/02-balcony,images/properties/apartment-alam-sutera/02-balcony.webp,1536,1024,188344,true
properties/apartment-alam-sutera/03-bedroom,images/properties/apartment-alam-sutera/03-bedroom.webp,1536,1024,173566,true
properties/apartment-alam-sutera/04-kitchen,images/properties/apartment-alam-sutera/04-kitchen.webp,1536,1024,86850,true
properties/family-house-alam-sutera/01-exterior,images/properties/family-house-alam-sutera/01-exterior.webp,1536,1024,346774,true
properties/family-house-alam-sutera/02-living-room,images/properties/family-house-alam-sutera/02-living-room.webp,1536,1024,291770,true
properties/family-house-alam-sutera/03-bedroom,images/properties/family-house-alam-sutera/03-bedroom.webp,1536,1024,203438,true
properties/family-house-alam-sutera/04-kitchen,images/properties/family-house-alam-sutera/04-kitchen.webp,1536,1024,198024,true
properties/premium-apartment-alam-sutera/01-living-room,images/properties/premium-apartment-alam-sutera/01-living-room.webp,1536,1024,218178,true
properties/premium-apartment-alam-sutera/02-dining-room,images/properties/premium-apartment-alam-sutera/02-dining-room.webp,1536,1024,171794,true
properties/premium-apartment-alam-sutera/03-bedroom,images/properties/premium-apartment-alam-sutera/03-bedroom.webp,1536,1024,200622,true
properties/premium-apartment-alam-sutera/04-kitchen,images/properties/premium-apartment-alam-sutera/04-kitchen.webp,1536,1024,131804,true
properties/modern-house-bintaro/01-exterior,images/properties/modern-house-bintaro/01-exterior.webp,1536,1024,341308,true
properties/modern-house-bintaro/02-living-room,images/properties/modern-house-bintaro/02-living-room.webp,1536,1024,248486,true
properties/modern-house-bintaro/03-bedroom,images/properties/modern-house-bintaro/03-bedroom.webp,1536,1024,172602,true
properties/modern-house-bintaro/04-kitchen,images/properties/modern-house-bintaro/04-kitchen.webp,1536,1024,195512,true
properties/townhouse-bintaro/01-exterior,images/properties/townhouse-bintaro/01-exterior.webp,1536,1024,292226,true
properties/townhouse-bintaro/02-living-room,images/properties/townhouse-bintaro/02-living-room.webp,1536,1024,264346,true
properties/townhouse-bintaro/03-bedroom,images/properties/townhouse-bintaro/03-bedroom.webp,1536,1024,216020,true
properties/townhouse-bintaro/04-kitchen,images/properties/townhouse-bintaro/04-kitchen.webp,1536,1024,177326,true
properties/luxury-house-bintaro/01-exterior,images/properties/luxury-house-bintaro/01-exterior.webp,1536,1024,387156,true
properties/luxury-house-bintaro/02-living-room,images/properties/luxury-house-bintaro/02-living-room.webp,1536,1024,274652,true
properties/luxury-house-bintaro/03-bedroom,images/properties/luxury-house-bintaro/03-bedroom.webp,1536,1024,271486,true
properties/luxury-house-bintaro/04-kitchen,images/properties/luxury-house-bintaro/04-kitchen.webp,1536,1024,222602,true
agent/michael-santoso-demo,images/agent/michael-santoso-demo.webp,1122,1402,113494,true
hero/nusa-property-hero,images/hero/nusa-property-hero.webp,1672,941,339858,true
locations/alam-sutera,images/locations/alam-sutera.webp,1536,1024,420808,true
locations/bintaro,images/locations/bintaro.webp,1536,1024,475630,true
locations/bsd,images/locations/bsd.webp,1536,1024,414694,true
